,drainJ,Bernoulli
0,2937565.541249999,0.003897116134060795
1,4873803.291,0.0029228371005455963
2,6958619.2125,0.001558846453624318
3,1851254.8380000002,0.0019485580670303975
4,3800012.0849999995,0.0005845674201091193
5,1808960.391,0.0009742790335151987
6,4038587.775,0.0013639906469212783
7,5611055.489999999,0.0013639906469212783
8,4297469.364,0.0009742790335151987
9,5155112.295,0.0009742790335151987
10,7314635.069999998,0.0009742790335151987
11,4019152.6350000002,0.0013639906469212783
12,2112770.4659999995,0.0009742790335151987
13,7104372.3,0.0003897116134060795
14,8945701.992,0.0009742790335151987
15,5832193.68,0.0005845674201091193
16,842875.74,0.0003897116134060795
17,2585313.0450000004,0.0005845674201091193
18,3901179.5775000006,0.000779423226812159
19,4030526.4187499997,0.000779423226812159
20,16725980.25,0.00019485580670303975
21,2537261.92125,0.000779423226812159
22,10081865.88,0.0005845674201091193
23,8054546.208749999,0.000779423226812159
24,4574713.600588235,0.003312548713951676
25,4611429.909204546,0.00857365549493375
26,5187098.83395349,0.00837879968823071
27,3215705.0164772724,0.00857365549493375
28,4702191.267857143,0.00818394388152767
29,4566345.569999999,0.011301636788776305
30,5185156.299868422,0.022213561964146533
31,4167648.660472442,0.02474668745128605
32,4196554.985650685,0.028448947778643804
33,4184520.4584319526,0.032930631332813716
34,4144780.851206898,0.033904910366328915
35,4161421.171578949,0.0333203429462198
36,4700539.185300001,0.0681995323460639
37,5111485.089420129,0.08904910366328916
38,4417839.367941177,0.09937646141855028
39,4679404.633781727,0.1151597817614965
40,4301517.1599026965,0.13016367887763056
41,4739312.259374999,0.1543257989088075
42,4457682.4602701245,0.17673421667965705
43,4604518.5143534485,0.2034294621979735
44,4340585.997469325,0.19056897895557287
45,4386748.437605476,0.17088854247856586
46,4163165.337872995,0.15802805923616522
47,3748245.973616394,0.13308651597817614
48,3944901.1043807375,0.127435697583788
49,4105646.91325375,0.14282930631332813
50,3709939.443530976,0.11009353078721745
51,3694610.198030592,0.10190958690568978
52,3703391.9437500015,0.10288386593920498
53,3746200.7128083715,0.08846453624318004
54,3073037.5898901112,0.08865939204988309
55,3840884.4027966107,0.08047544816835542
56,3556725.6323949597,0.0695635229929852
57,3374536.0629207925,0.059041309431021045
58,3217980.821759998,0.04871395167575994
59,3217022.9787162156,0.04325798908807482
60,3046777.0071428553,0.04228371005455962
61,2958627.0994019136,0.04072486360093531
62,2719540.0734868427,0.044427123928293066
63,2395193.561052632,0.04072486360093531
64,2228459.433226744,0.03351519875292284
65,1905303.4303072637,0.034879189399844114
66,1799043.4330434785,0.0313717848791894
67,2134684.3154210537,0.03702260327357755
68,2313311.6975373137,0.03916601714731099
69,1848033.8286057697,0.04053000779423227
70,1502313.2441921392,0.044621979734996105
71,1346519.103419118,0.05300077942322681
72,1145796.175546874,0.04988308651597818
73,1027069.0232474238,0.05670303975058457
74,917573.2120299722,0.0715120810600156
75,949357.9095652178,0.08067030397505846
76,1045588.2348113209,0.09294621979734996
77,1025916.048,0.09060795011691349
78,927242.3033231711,0.09586905689789556
79,1291661.7580843375,0.0808651597817615
80,1337007.0482443818,0.06936866718628215
81,1475951.5440789468,0.0666406858924396
82,1717175.317344827,0.056508183943881525
83,1717521.4062547532,0.05124707716289945
84,1618317.7903124997,0.037412314886983634
85,1680702.4600671146,0.029033515198752923
86,1771340.2331102367,0.02474668745128605
87,1180179.5208749997,0.02338269680436477
88,1746670.4520560747,0.020849571317225254
89,1827180.6151239667,0.02357755261106781
90,1478401.5895714285,0.020459859703819173
91,1907139.4926506027,0.0161730319563523
92,1777784.5473749998,0.01558846453624318
93,1633536.0934615384,0.015198752922837101
94,1603592.5383116885,0.015003897116134061
95,2385400.8133333335,0.01578332034294622
96,2424972.579123711,0.018901013250194856
97,2525387.6160989003,0.017731878409976618
98,2074026.228352941,0.016562743569758377
99,2466847.3494303795,0.01539360872954014
100,2240887.545,0.020654715510522212
101,2093515.0119642864,0.01636788776305534
102,2163976.271470588,0.019875292283710055
103,1807220.7962704913,0.02377240841777085
104,2042099.357054795,0.028448947778643804
105,2071292.3800632912,0.03078721745908028
106,2258758.2461538473,0.030397505845674203
107,2099917.0049096383,0.0323460639127046
108,2348029.4357345984,0.041114575214341385
109,2387582.200505836,0.050077942322681215
110,2007088.7909533062,0.050077942322681215
111,1676793.6454245283,0.06196414653156664
112,1664802.5608536594,0.07190179267342167
113,1628802.9611483256,0.08144972720187062
114,1501488.4188391045,0.09567420109119251
115,1806459.9068382364,0.11925175370226032
116,1630227.5401588497,0.12879968823070928
117,1285105.008978657,0.12782540919719407
118,1445684.5637037037,0.14204988308651598
119,1538280.0905192317,0.151987529228371
120,1524151.7917334277,0.1410756040530008
121,1534603.168681319,0.12412314886983632
122,1507618.1398261597,0.11769290724863601
123,1483893.4666516248,0.10795011691348402
124,1413106.6881195055,0.11087295401402962
125,1807384.0692458684,0.09431021044427124
126,2209964.620729927,0.08008573655494934
127,2312566.2146827783,0.06449727201870616
128,2607501.1027215193,0.04618082618862042
129,2370772.45630734,0.04247856586126267
130,2252082.1100000013,0.042088854247856584
131,2867001.4037500015,0.042088854247856584
132,2496058.9775235853,0.041309431021044424
133,2931710.1953940885,0.03955572876071707
134,2940903.4866101695,0.03448947778643804
135,3668103.3366089095,0.03936087295401403
136,3276372.2772162147,0.03604832424006235
137,3122238.2626490067,0.029423226812159003
138,3479800.934347828,0.0313717848791894
139,4225393.9871052625,0.022213561964146533
140,4149382.3460526303,0.014809041309431021
141,3918486.943928571,0.005455962587685113
142,1752726.7552500002,0.003897116134060795
143,3358322.0610576924,0.010132501948558068
144,1600277.9700000002,0.008768511301636788
145,4833208.3725000005,0.00779423226812159
146,5040766.69448276,0.0056508183943881525
147,5042520.449999999,0.004091971940763835
148,3053282.5350000006,0.0029228371005455963
149,3518459.2349999994,0.002338269680436477
150,3365125.916785714,0.0027279812938425566
151,5922692.56125,0.002338269680436477
152,3644976.3885,0.0019485580670303975
153,8002865.853,0.0019485580670303975
154,5290332.992999999,0.0019485580670303975
155,4117135.6912500006,0.002338269680436477
156,3145562.13375,0.001558846453624318
157,4339521.639,0.0029228371005455963
158,5345808.668181817,0.0021434138737334374
159,4281635.835,0.0005845674201091193
160,7100123.927142857,0.0013639906469212783
161,6248109.79125,0.000779423226812159
162,5822370.264375,0.001558846453624318
163,6595583.017499999,0.001558846453624318
164,5670756.308571429,0.0013639906469212783
165,6064590.407727272,0.0021434138737334374
166,4855060.350000001,0.0027279812938425566
167,4724896.03875,0.002338269680436477
168,6649923.331956523,0.004481683554169914
169,5417626.777874998,0.00779423226812159
170,4392668.926022727,0.00857365549493375
171,5042005.859117647,0.009937646141855027
172,2945585.416764706,0.009937646141855027
173,3680821.358571429,0.012275915822291504
174,4968096.105461539,0.02533125487139517
175,4324284.991914892,0.027474668745128605
176,3157984.81604895,0.027864380358534686
177,4624508.972396453,0.032930631332813716
178,4084677.179999999,0.03799688230709275
179,3989710.8029857823,0.041114575214341385
180,4602563.259410955,0.0711223694466095
181,4642097.408506619,0.10307872174590803
182,4415246.035690297,0.1044427123928293
183,4555099.985335414,0.12490257209664848
184,4701439.629482547,0.15627435697583789
185,4592074.81135583,0.1588074824629774
186,4636053.63919207,0.19173811379579112
187,4684757.328749992,0.21745908028059235
188,4217428.705307614,0.18686671862821513
189,3987940.56981693,0.17030397505845674
190,4180069.4847215326,0.15744349181605613
191,4034776.090559642,0.13230709275136399
192,4011875.5131496056,0.12373343725643024
193,3980876.7451132955,0.1289945440374123
194,3584431.8535357714,0.11710833982852689
195,3261773.055920248,0.09528448947778644
196,3586734.8348823497,0.09937646141855028
197,3718481.6937772944,0.08924395946999221
198,3505108.554219511,0.0798908807482463
199,4245833.358812355,0.08203429462197974
200,3311852.6824999982,0.07365549493374902
201,3240363.1704401416,0.05533904910366329
202,3100002.855576922,0.05066250974279034
203,3483229.7419480514,0.04501169134840218
204,2762029.9098966937,0.04715510522213562
205,2983621.041534653,0.03936087295401403
206,3176244.9843750005,0.037412314886983634
207,3163630.676186442,0.03448947778643804
208,2244113.6513684206,0.03702260327357755
209,2099910.1607386363,0.034294621979735
210,1658207.0394915259,0.03448947778643804
211,2420716.3937068977,0.033904910366328915
212,2208794.1899197875,0.036438035853468435
213,2068924.344213198,0.038386593920498834
214,1423294.0588356163,0.04267342166796571
215,1202562.7653930134,0.044621979734996105
216,1130626.645632912,0.04618082618862042
217,881692.2919852942,0.06625097427903351
218,1001342.1976010777,0.07229150428682775
219,1069620.8303743314,0.07287607170693687
220,1037780.4648648647,0.08651597817614964
221,1071382.7413087257,0.08710054559625877
222,994289.3503708136,0.08144972720187062
223,1120921.9766883114,0.0750194855806703
224,1368227.1824396788,0.07268121590023383
225,1403819.0251363623,0.06430241621200312
226,1755874.760761244,0.05631332813717849
227,1759627.4500384617,0.05066250974279034
228,1417120.6607462675,0.03916601714731099
229,1905189.0866292142,0.034684333593141076
230,1900960.6089527032,0.028838659392049885
231,1474253.0609734515,0.02201870615744349
232,1805402.0250000004,0.022213561964146533
233,2168359.11,0.0181215900233827
234,1434188.7952105259,0.018511301636788775
235,2403784.671000001,0.017537022603273576
236,1936250.0900649335,0.015003897116134061
237,2121757.9177215192,0.01539360872954014
238,1841794.247168674,0.0161730319563523
239,2116609.83048913,0.017926734216679657
240,1651338.523928572,0.019095869056897894
241,2440995.636696429,0.021823850350740453
242,2271132.6384705873,0.016562743569758377
243,1658606.9798076926,0.015198752922837101
244,2289526.817074467,0.018316445830085737
245,2493382.6873469385,0.019095869056897894
246,1913279.68546875,0.018706157443491817
247,1810819.5739285718,0.024551831644583008
248,2781518.055664556,0.03078721745908028
249,2188410.5204081647,0.028643803585346843
250,1948279.1813664588,0.0313717848791894
251,2329685.655254238,0.03448947778643804
252,2000461.539681817,0.042868277474668745
253,2185066.4584736843,0.055533904910366326
254,1865743.1250000005,0.05436477007014809
255,1668377.7783217994,0.05631332813717849
256,1642891.0426229513,0.07131722525331255
257,1616504.7012817552,0.08437256430241621
258,1646803.3239923958,0.1024941543257989
259,1440943.5373923439,0.12217459080280592
260,1358369.7995733784,0.1141855027279813
261,1358883.454318886,0.12587685113016367
262,1462361.5567179127,0.14575214341387374
263,1528124.0617682936,0.14380358534684334
264,1535940.7905769239,0.1367887763055339
265,1604925.4897862065,0.14127045985970382
266,1425158.4773762377,0.11808261886204209
267,1529718.7035789494,0.11106780982073265
268,1763996.7901121508,0.10424785658612627
269,1795558.2132172142,0.0950896336710834
270,2248037.53009828,0.07930631332813717
271,1971506.1700188685,0.05163678877630554
272,2217415.847450198,0.04890880748246298
273,2159374.1157968114,0.04890880748246298
274,2611052.4271500017,0.03897116134060795
275,2248944.736370192,0.04053000779423227
276,2671759.813413461,0.04053000779423227
277,3192773.7822256093,0.03195635229929852
278,3424915.492615385,0.03799688230709275
279,3732001.070943396,0.041309431021044424
280,2516570.0770754707,0.03098207326578332
281,2904689.7882352937,0.02981293842556508
282,4064275.055562915,0.029423226812159003
283,3576234.542544643,0.021823850350740453
284,3715243.5375000006,0.012081060015588464
285,4149447.18081081,0.007209664848012471
286,1673605.2707999998,0.004871395167575994
287,3410020.364361703,0.009158222915042868
288,4457332.5975,0.00818394388152767
289,3330218.6324999994,0.007014809041309431
290,1732422.4450000003,0.005261106780982073
291,5467779.799411764,0.003312548713951676
292,3401101.895625,0.003117692907248636
293,1358237.3188235294,0.003312548713951676
294,5851420.965000001,0.0019485580670303975
295,2838575.4023076924,0.002533125487139517
296,6428634.997500001,0.002338269680436477
297,4698363.9703846155,0.002533125487139517
298,2714659.5375,0.002338269680436477
299,4754875.635,0.0009742790335151987
300,3467204.145,0.0017537022603273578
301,9767559.227142856,0.0027279812938425566
302,5075802.957857142,0.0013639906469212783
303,1997533.98,0.0003897116134060795
304,2715154.7624999997,0.0003897116134060795
305,5774361.165,0.0011691348402182386
306,3960927.3278571437,0.0013639906469212783
307,3899561.2379999994,0.0009742790335151987
308,6447002.962499999,0.0011691348402182386
309,4954727.055,0.0017537022603273578
310,3079911.34125,0.002338269680436477
311,6152179.338,0.0019485580670303975
312,5897216.510217392,0.004481683554169914
313,4853961.138103448,0.0056508183943881525
314,4812877.301860466,0.00837879968823071
315,4101605.704285715,0.00818394388152767
316,4729441.210312501,0.009353078721745909
317,3736903.5962999994,0.009742790335151987
318,4414587.6513461545,0.02533125487139517
319,5545184.1739534885,0.025136399064692127
320,4297199.366020407,0.028643803585346843
321,4564608.851174493,0.029033515198752923
322,4877955.719742858,0.03409976617303195
323,3859555.35934555,0.03721745908028059
324,4517138.145348839,0.05865159781761496
325,5062248.512824678,0.09002338269680436
326,4091857.9269371205,0.0960639127045986
327,4371330.752717771,0.11184723304754482
328,4992399.863722467,0.13269680436477008
329,4638687.667223684,0.1480904130943102
330,4424787.140915733,0.17342166796570538
331,4594426.167032801,0.196024941543258
332,4199414.041247333,0.18277474668745128
333,3949606.1848794525,0.1697194076383476
334,4032781.9153905255,0.15218238503507406
335,3680714.9856008277,0.1410756040530008
336,3924023.596651982,0.13269680436477008
337,3943768.345406387,0.13425565081839438
338,3782170.0659508714,0.12295401402961809
339,3045711.5540499026,0.1015198752922837
340,3751018.7144526886,0.10502727981293843
341,3819032.6649324344,0.10093530787217458
342,3584907.258704455,0.09625876851130163
343,3649041.99523046,0.09723304754481683
344,3427749.851282609,0.08963367108339829
345,3572020.112560974,0.07190179267342167
346,3167599.200923076,0.06332813717848793
347,3596213.4731309917,0.060989867498051444
348,2993309.057024221,0.05631332813717849
349,2977403.1374999983,0.052611067809820736
350,2907389.475910931,0.04812938425565082
351,2918534.2584000006,0.043842556508183944
352,2799310.8492757026,0.04169914263445051
353,2734899.0042857137,0.04228371005455962
354,2426877.630188286,0.0465705378020265
355,2223261.1349999993,0.04228371005455962
356,2454417.1085624993,0.04676539360872954
357,1649651.8902631565,0.04812938425565082
358,1475801.8455451122,0.051831644583008575
359,1414164.3218585528,0.059236165237724084
360,1275050.8620000011,0.06040530007794232
361,1403321.678520711,0.06586126266562743
362,965818.9046991408,0.06800467653936088
363,978611.3131738042,0.07735775526110678
364,1055089.391012658,0.09236165237724084
365,1109721.933281251,0.09976617303195635
366,1204713.84505071,0.0960639127045986
367,1176882.2660071945,0.08125487139516757
368,1250662.8773076914,0.07852689010132502
369,1273937.350540541,0.06488698363211223
370,1538558.2912140577,0.060989867498051444
371,1587059.6329687499,0.04988308651597818
372,1467804.1074324318,0.04325798908807482
373,1788768.1017732562,0.03351519875292284
374,1805748.0130872477,0.029033515198752923
375,1353473.5219615384,0.02533125487139517
376,1244998.885462185,0.02318784099766173
377,2266667.1798750004,0.02338269680436477
378,1885861.7389285718,0.021823850350740453
379,1625138.1254999998,0.017537022603273576
380,1465951.479827586,0.016952455183164458
381,1633069.5491249997,0.01558846453624318
382,1610519.0226923074,0.015198752922837101
383,2117608.0644375,0.01558846453624318
384,1584251.6167241384,0.016952455183164458
385,2525863.184999999,0.0181215900233827
386,2168905.2167647057,0.019875292283710055
387,1876099.1226923077,0.020265003897116135
388,2208918.2380219786,0.017731878409976618
389,2397127.2660000003,0.017537022603273576
390,1768876.9175454546,0.021434138737334373
391,2011092.150839159,0.027864380358534686
392,2085950.6108766233,0.030007794232268122
393,1718213.6734011627,0.03351519875292284
394,2373792.0351798567,0.027084957131722525
395,2308398.503571429,0.03682774746687451
396,2015893.8064285712,0.04228371005455962
397,2072231.646428571,0.05319563522992985
398,2137852.7961478587,0.050077942322681215
399,1530566.4184726696,0.06060015588464536
400,1543027.6350000014,0.07190179267342167
401,1508926.5220190021,0.08203429462197974
402,1449527.3889300013,0.09742790335151988
403,1704043.2206525274,0.11944660950896337
404,1446206.8804411753,0.11925175370226032
405,1374684.4690887493,0.12295401402961809
406,1475893.437233606,0.1426344505066251
407,1412236.1486906367,0.14360872954014028
408,1468757.4093722622,0.13347622759158223
409,1705810.304400858,0.13659392049883087
410,1359073.0838313862,0.11671862821512081
411,1498838.0566829275,0.11983632112236944
412,1806756.0104237283,0.1034684333593141
413,1479947.7483718486,0.09275136399064692
414,2100495.113753118,0.07813717848791894
415,2141917.8838291136,0.06157443491816056
416,2125119.939503425,0.05689789555728761
417,1998913.9348598134,0.04169914263445051
418,2512808.4959174306,0.04247856586126267
419,2633156.2654615385,0.03799688230709275
420,2259407.6899253735,0.03916601714731099
421,3102172.463152174,0.03585346843335931
422,2869728.5312068975,0.033904910366328915
423,3611157.934175257,0.03780202650038971
424,2839241.913529412,0.02981293842556508
425,2877467.1041338583,0.02474668745128605
426,3690376.6880067578,0.028838659392049885
427,3430678.318836208,0.02260327357755261
428,2957974.216874999,0.014029618082618862
429,2954419.2835714286,0.005455962587685113
430,3602210.776578947,0.0037022603273577552
431,3017495.8115217392,0.008963367108339828
432,3025439.0999999987,0.006040530007794232
433,4987693.611964285,0.005455962587685113
434,3549127.3800000004,0.0035074045206547155
435,6487633.916052631,0.0037022603273577552
436,2430504.3149999995,0.0029228371005455963
437,6371177.532352941,0.003312548713951676
438,5563659.249,0.0029228371005455963
439,3017653.6009090906,0.0021434138737334374
440,3929157.6340909093,0.0021434138737334374
441,4068184.393928571,0.0027279812938425566
442,3428794.966153846,0.002533125487139517
443,4433041.694999999,0.0017537022603273578
444,3895509.063461539,0.002533125487139517
445,5390717.541750001,0.003897116134060795
446,1306472.6025,0.0011691348402182386
447,5665383.765000001,0.0005845674201091193
448,5469631.785,0.000779423226812159
449,2763658.9124999996,0.000779423226812159
450,5426838.765000001,0.0011691348402182386
451,1610378.2349999996,0.0011691348402182386
452,5333371.6725,0.0011691348402182386
453,3160994.035909091,0.0021434138737334374
454,5266232.415,0.0019485580670303975
455,8146094.510454547,0.0021434138737334374
456,4433983.050789474,0.0037022603273577552
457,5526570.523499999,0.005845674201091193
458,3199326.6792857144,0.009547934528448947
459,4262414.94880435,0.008963367108339828
460,4466575.526170213,0.009158222915042868
461,6297927.441545455,0.010717069368667186
462,4973549.113636363,0.025720966484801246
463,5202094.31334507,0.027669524551831644
464,3553307.59142384,0.029423226812159003
465,4189693.4639999997,0.03020265003897116
466,4076630.2819285737,0.04091971940763835
467,4182389.874130434,0.04033515198752923
468,4476324.521739131,0.06722525331254871
469,4906326.416227548,0.09762275915822291
470,4530415.517631578,0.09996102883865939
471,4606833.6814214075,0.11652377240841777
472,4775888.387781592,0.14185502727981295
473,4521743.72118842,0.15822291504286828
474,4567299.833965154,0.18452844894777864
475,4731463.455283022,0.21687451286048323
476,4413363.135670924,0.18296960249415434
477,3942491.0969773717,0.18082618862042088
478,4274267.608348947,0.16640685892439594
479,3685365.320086956,0.13445050662509742
480,4059722.60980349,0.13386593920498832
481,3975884.60616691,0.13191738113795792
482,3761866.7892715237,0.11769290724863601
483,3273154.211701721,0.10190958690568978
484,3769403.4646314713,0.09781761496492596
485,3778049.5754564265,0.09392049883086516
486,3374854.9296644293,0.08710054559625877
487,3478671.8234598213,0.08729540140296181
488,3419509.106957144,0.0681995323460639
489,2942881.138595319,0.058261886204208885
490,2730888.5034262952,0.04890880748246298
491,2842333.292142855,0.049103663289166016
492,2899985.6150217387,0.04481683554169914
493,3019991.230102041,0.03819173811379579
494,2645643.1239473694,0.03702260327357755
495,2047653.3464739877,0.03371005455962588
496,2704953.035828571,0.03409976617303195
497,2625035.022921687,0.0323460639127046
498,1992062.3778409094,0.034294621979735
499,2142227.1457772013,0.03760717069368667
500,2174376.4667307697,0.035463756819953236
501,1988130.6449999986,0.0362431800467654
502,1579915.6199999992,0.03682774746687451
503,1264202.7075000007,0.04637568199532346
504,1082616.3945,0.052611067809820736
505,1162577.5997524755,0.059041309431021045
506,1071977.777234042,0.07326578332034295
507,1049317.065948477,0.08320342946219797
508,1141777.598478261,0.08067030397505846
509,847823.8280578508,0.09431021044427124
510,1083177.1004304634,0.08826968043647701
511,1141136.5363875004,0.0779423226812159
512,1283446.4154545444,0.07073265783320343
513,1523089.061479099,0.06060015588464536
514,1460198.7697959186,0.057287607170693686
515,1652326.0478404665,0.050077942322681215
516,1497694.591249999,0.042088854247856584
517,1654087.682202797,0.027864380358534686
518,1424738.8246153842,0.027864380358534686
519,1726384.4143014718,0.026500389711613406
520,1547235.709438776,0.019095869056897894
521,1945257.4261607144,0.021823850350740453
522,1927588.4562735846,0.020654715510522212
523,1940682.8216666672,0.01578332034294622
524,1445653.2229054049,0.014419329696024942
525,1534938.1150609765,0.01597817614964926
526,1851008.76,0.0171473109898675
527,1553138.2462500003,0.01636788776305534
528,2349578.4584999983,0.017537022603273576
529,2117440.5075,0.018706157443491817
530,3097070.1145945946,0.014419329696024942
531,2313104.49582353,0.016562743569758377
532,1865431.2451456306,0.020070148090413093
533,2083363.968789473,0.018511301636788775
534,2239592.3484466025,0.020070148090413093
535,1942983.4383453238,0.027084957131722525
536,2139823.4329411765,0.02981293842556508
537,2156166.943071428,0.027279812938425563
538,2543580.335860928,0.029423226812159003
539,1662115.4775000003,0.0362431800467654
540,2257701.682625698,0.034879189399844114
541,2467499.2964999992,0.04676539360872954
542,1915512.9376153843,0.05066250974279034
543,1782599.9760616447,0.05689789555728761
544,1668804.6070799995,0.0730709275136399
545,1548722.6070863323,0.08125487139516757
546,1555326.6553469393,0.09547934528448948
547,1580557.1737687185,0.11710833982852689
548,1339157.477527301,0.12490257209664848
549,1278690.3556722058,0.1289945440374123
550,1425395.711109569,0.14049103663289167
551,1383258.5901562492,0.14964925954793454
552,1496953.0453268443,0.14010132501948558
553,1607608.9555603464,0.13561964146531566
554,1431626.510093024,0.12568199532346064
555,1450155.245556521,0.11204208885424785
556,1634417.7304703824,0.11184723304754482
557,1853754.7645071868,0.09489477786438036
558,2238995.6023012046,0.0808651597817615
559,2079232.4086363632,0.060015588464536244
560,2442834.435735848,0.05163678877630554
561,2248403.0335714277,0.04228371005455962
562,2225031.425048077,0.04053000779423227
563,2713846.9693749994,0.042088854247856584
564,2543376.3873317307,0.04053000779423227
565,3026439.9244852937,0.03975058456742011
566,3357882.1575000016,0.0362431800467654
567,3330053.454292681,0.03994544037412315
568,2922857.5263812165,0.0352689010132502
569,3647662.025487805,0.03195635229929852
570,3969629.954166666,0.03156664068589244
571,3988679.488893442,0.02377240841777085
572,2455491.2450000006,0.01578332034294622
573,3323464.0199999996,0.006040530007794232
574,2089408.1220000002,0.004871395167575994
575,2310910.356272727,0.010717069368667186
576,3070504.024615384,0.007599376461418551
577,4493884.870384616,0.007599376461418551
578,4435852.894772727,0.004286827747466875
579,2262036.4425000004,0.004286827747466875
580,5854508.851153846,0.002533125487139517
581,2944098.264705882,0.003312548713951676
582,4856222.4721874995,0.003117692907248636
583,5523542.2575,0.002338269680436477
584,3522593.6662500002,0.002338269680436477
585,5234473.047857143,0.0027279812938425566
586,5432980.696363636,0.0021434138737334374
587,3445193.8350000004,0.002338269680436477
588,2659061.1149999998,0.0019485580670303975
589,5630503.184999999,0.003117692907248636
590,4306668.180000001,0.0017537022603273578
591,4506254.94857143,0.0013639906469212783
592,4184636.95125,0.000779423226812159
593,6322691.7225,0.000779423226812159
594,4701040.492500001,0.0011691348402182386
595,6807530.25,0.0009742790335151987
596,5161120.56,0.0011691348402182386
597,6297326.4375,0.0011691348402182386
598,7573978.124999998,0.0017537022603273578
599,4329820.022727273,0.0021434138737334374
600,4254387.648750001,0.004676539360872954
601,4576402.227073171,0.00798908807482463
602,3875373.5028260876,0.008963367108339828
603,4248330.723947369,0.011106780982073267
604,3655340.5773913045,0.008963367108339828
605,4884631.422786885,0.011886204208885425
606,4918916.991259844,0.02474668745128605
607,4063365.4438489196,0.027084957131722525
608,3663694.0475581386,0.025136399064692127
609,4716922.105112357,0.034684333593141076
610,3693553.3249740954,0.03760717069368667
611,4323743.897816592,0.044621979734996105
612,4753632.448979056,0.07443491816056118
613,4704251.847636188,0.10015588464536243
614,4022905.9774902742,0.10015588464536243
615,4652745.289811321,0.12392829306313329
616,4643284.540247318,0.14575214341387374
617,4791444.367751554,0.156858924395947
618,4347851.710807454,0.1882307092751364
619,4527889.132979568,0.21940763834762275
620,4129713.351865893,0.2005066250974279
621,4212766.860554914,0.1685502727981294
622,3912427.2868073047,0.15471551052221355
623,4003969.84734375,0.13717848791894
624,3716401.1395007926,0.12295401402961809
625,4306629.298846162,0.13172252533125486
626,3361204.8767028395,0.11671862821512081
627,3234932.8356831726,0.09840218238503508
628,3714249.063326489,0.09489477786438036
629,3828983.167145792,0.09489477786438036
630,3731773.243489701,0.08515198752922837
631,3636826.3278504647,0.08339828526890102
632,3471486.046843577,0.06975837879968823
633,3095754.6955743236,0.05767731878409977
634,3109194.101385543,0.0485190958690569
635,3008850.2336637923,0.04520654715510522
636,2818501.1617164183,0.03916601714731099
637,2694530.8722488037,0.04072486360093531
638,3547228.9638461513,0.03799688230709275
639,2768902.337045455,0.034294621979735
640,2844442.673403615,0.0323460639127046
641,2137076.010529411,0.033125487139516754
642,1560957.828034682,0.03371005455962588
643,2382121.6171875014,0.037412314886983634
644,1958774.968179613,0.040140296180826186
645,1832212.6296428568,0.04091971940763835
646,1252326.2415652168,0.04481683554169914
647,1319370.0694422314,0.04890880748246298
648,1181122.9086075947,0.04618082618862042
649,986907.486442953,0.058067030397505846
650,1034219.674074627,0.06527669524551831
651,1021777.1368158567,0.07618862042088854
652,954873.1864719099,0.08671083398285269
653,1033198.0372285707,0.10229929851909587
654,1095707.9926470579,0.08943881527669524
655,1096441.8700135131,0.0720966484801247
656,1280632.3162600524,0.07268121590023383
657,1374162.3728630128,0.0711223694466095
658,1529287.0157812499,0.05611847233047545
659,1507300.7029199994,0.04871395167575994
660,1648046.3637857137,0.04091971940763835
661,1728741.523235294,0.02981293842556508
662,1506234.8914453126,0.02494154325798909
663,1634510.0917372883,0.02299298519095869
664,1559787.3158108112,0.02162899454403741
665,2162504.758316327,0.019095869056897894
666,1851394.9555617985,0.017342166796570538
667,2109132.8970394735,0.014809041309431021
668,1861762.8784090907,0.012860483242400623
669,1817835.9169736847,0.014809041309431021
670,1609844.4482142855,0.01636788776305534
671,2321256.227671234,0.014224473889321902
672,2186875.5710869567,0.017926734216679657
673,2089451.2274999998,0.017926734216679657
674,2794281.474438203,0.017342166796570538
675,2178650.8307547173,0.020654715510522212
676,2116635.6136363633,0.019290724863600936
677,1678253.746853933,0.017342166796570538
678,1986174.4272815539,0.020070148090413093
679,2070330.3278571423,0.024551831644583008
680,2405043.1886896556,0.028254091971940763
681,1945341.6809602645,0.029423226812159003
682,2306572.1894999994,0.03507404520654715
683,2279850.6680254773,0.03059236165237724
684,1779708.4499999997,0.043842556508183944
685,1737243.2467844526,0.05514419329696025
686,1844261.7880078126,0.04988308651597818
687,1423865.4452830185,0.06196414653156664
688,1573834.322201088,0.07170693686671863
689,1800699.134336282,0.08807482462977397
690,1434651.2779074435,0.09684333593141076
691,1489526.0414285704,0.11048324240062354
692,1459675.0431428568,0.12275915822291504
693,1291169.0011764707,0.12587685113016367
694,1436849.19534218,0.13951675759937646
695,1500892.6822469644,0.14438815276695247
696,1443346.3914428577,0.1363990646921278
697,1669166.614730768,0.12665627435697585
698,1363911.8624262295,0.11886204208885424
699,1671593.2121938786,0.11457521434138737
700,1659450.4063346214,0.10074045206547155
701,1952413.981091477,0.09372564302416211
702,2609285.99781022,0.08008573655494934
703,2035458.4098881802,0.060989867498051444
704,2168593.931680851,0.04579111457521434
705,2176405.142860465,0.041893998441153546
706,1837115.570869566,0.04033515198752923
707,2623538.704896374,0.03760717069368667
708,2721368.467537689,0.03877630553390491
709,2657212.8364627664,0.036632891660171474
710,3171679.3324687504,0.03117692907248636
711,3792048.3948461525,0.03799688230709275
712,2786737.195843372,0.0323460639127046
713,3214608.587240258,0.030007794232268122
714,3475175.661845636,0.029033515198752923
715,3261354.9403846147,0.022798129384255652
716,3794186.041874999,0.014029618082618862
717,2567985.4710000004,0.004871395167575994
718,2798435.066785714,0.0027279812938425566
719,2999067.5943243243,0.007209664848012471
720,4314042.51328125,0.006235385814497272
721,3991663.3628571415,0.00818394388152767
722,4439564.64,0.006040530007794232
723,5111932.859999999,0.004676539360872954
724,2853115.0580769232,0.002533125487139517
725,2256131.1750000003,0.0017537022603273578
726,6219665.741250001,0.002338269680436477
727,6927829.868571429,0.0013639906469212783
728,745579.8707142858,0.0013639906469212783
729,1866961.98,0.000779423226812159
730,3267711.970714286,0.0013639906469212783
731,8751548.5425,0.0011691348402182386
732,3771450.854999998,0.0013639906469212783
733,3318597.759375,0.001558846453624318
734,5847351.0525,0.000779423226812159
735,5626865.024999999,0.0005845674201091193
736,7777577.6775,0.0003897116134060795
737,4027641.9074999997,0.000779423226812159
738,3245369.1525,0.0003897116134060795
739,2716550.983125,0.001558846453624318
740,5264982.495,0.0005845674201091193
741,666622.791,0.0009742790335151987
742,2890391.1749999993,0.0011691348402182386
743,4142998.9215,0.0019485580670303975
744,6001586.754545455,0.0021434138737334374
745,4251433.571052631,0.0037022603273577552
746,3094688.2909090905,0.006430241621200311
747,3341046.0246428577,0.005455962587685113
748,3241500.40862069,0.0056508183943881525
749,3826030.8084146343,0.00798908807482463
750,4279968.337846154,0.012665627435697584
751,4090519.1006756765,0.014419329696024942
752,4062140.954999998,0.015003897116134061
753,4003257.1489772717,0.0171473109898675
754,3941236.2655188683,0.020654715510522212
755,4020063.8368695625,0.02240841777084957
756,4469772.99973404,0.036632891660171474
757,4702954.794805654,0.05514419329696025
758,3895618.7421428594,0.049103663289166016
759,3942216.071772151,0.06157443491816056
760,4413001.261097561,0.07190179267342167
761,4765304.12152747,0.08865939204988309
762,4410305.82515625,0.1122369446609509
763,4672982.525252361,0.12353858144972721
764,4003935.280774654,0.12451286048324241
765,4328542.015714284,0.12685113016367888
766,3865192.0560289435,0.12120031176929072
767,3930997.1770150363,0.12957911145752143
768,4120282.0067999996,0.13152766952455183
769,4355258.984193098,0.14127045985970382
770,4067923.0714316554,0.13542478565861263
771,3630727.767503715,0.13113795791114574
772,3744628.660416668,0.12626656274356976
773,3494595.68209205,0.1397116134060795
774,3736149.9648659504,0.14536243180046765
775,3721447.225654414,0.13250194855806702
776,3861423.783883927,0.1309431021044427
777,3485745.2638384635,0.12665627435697585
778,3359793.0261386153,0.11808261886204209
779,3691618.427853652,0.11983632112236944
780,3660824.8471348323,0.10405300077942323
781,3327717.209655535,0.09333593141075604
782,3245078.918100002,0.08768511301636789
783,3607543.419230769,0.07852689010132502
784,3205287.6424327632,0.07969602494154326
785,3151743.0723895025,0.0705378020265004
786,3042123.1258235304,0.08281371784879189
787,2744554.3984554973,0.07443491816056118
788,2266305.4858846143,0.0759937646141855
789,2697478.6688372116,0.07540919719407638
790,2071952.0081295848,0.07969602494154326
791,1997703.8150774345,0.08807482462977397
792,1696353.8028602619,0.08924395946999221
793,1670021.6819318184,0.09431021044427124
794,1380454.8240517254,0.10171473109898675
795,1426204.007164949,0.11340607950116914
796,1220207.6547734125,0.1289945440374123
797,1396760.570609952,0.12139516757599376
798,1325338.7849999983,0.10872954014029618
799,1364883.8836633656,0.09840218238503508
800,1335595.4769375003,0.09353078721745908
801,1572381.1521021363,0.08203429462197974
802,1651114.6232399999,0.0730709275136399
803,1703449.5251273892,0.06118472330475448
804,1606863.1230978272,0.05378020265003897
805,1882164.130583756,0.038386593920498834
806,1738429.3841538471,0.03799688230709275
807,1536841.6883333335,0.03156664068589244
808,1837562.3799107145,0.03273577552611068
809,1762408.529068966,0.028254091971940763
810,1788754.9744565221,0.026890101325019487
811,1992474.9700434788,0.02240841777084957
812,2543976.744652174,0.02240841777084957
813,2202073.2031188104,0.019680436477007016
814,2444312.329363637,0.021434138737334373
815,1793053.419198113,0.020654715510522212
816,1494673.6995378148,0.02318784099766173
817,1875122.3197058828,0.019875292283710055
818,1343710.52943038,0.01539360872954014
819,1793635.9399565214,0.02240841777084957
820,2157997.546194689,0.02201870615744349
821,1900220.5520270267,0.02162899454403741
822,1875864.68553719,0.02357755261106781
823,2310700.652653848,0.02533125487139517
824,1868776.845937499,0.028059236165237724
825,2122615.76625,0.024162120031176928
826,1788763.9158,0.02435697583787997
827,2159615.8559831474,0.034684333593141076
828,2174676.201369864,0.04267342166796571
829,2177986.943333334,0.04734996102883866
830,2137275.38388889,0.04734996102883866
831,1850950.1420999991,0.05845674201091192
832,1647205.3880357135,0.060015588464536244
833,1689418.4216713486,0.06936866718628215
834,1469034.0544897954,0.08593141075604054
835,1542821.293220338,0.1034684333593141
836,1258930.403761062,0.11009353078721745
837,1336287.4045047169,0.12392829306313329
838,1272015.9504287792,0.13406079501169135
839,1211616.1021656971,0.13406079501169135
840,1530299.288380167,0.11788776305533905
841,1637170.0149697876,0.1289945440374123
842,1343812.8709185433,0.11243180046765394
843,1694781.1251479285,0.09879189399844115
844,1702102.882235294,0.09937646141855028
845,1763496.0101450908,0.08729540140296181
846,2112063.69335294,0.06625097427903351
847,1864928.2546323535,0.05300077942322681
848,2232990.9911637935,0.04520654715510522
849,2343306.204951924,0.04053000779423227
850,1883154.7757881775,0.03955572876071707
851,2909369.3392931935,0.03721745908028059
852,2607163.953505437,0.03585346843335931
853,2974343.096107596,0.03078721745908028
854,2645034.3609375,0.028059236165237724
855,4034966.692499999,0.0362431800467654
856,3511724.1914117644,0.033125487139516754
857,2907215.628300001,0.02922837100545596
858,3887936.730899999,0.02922837100545596
859,3384808.2031304333,0.02240841777084957
860,3536581.2951724133,0.011301636788776305
861,3144925.7384210527,0.0037022603273577552
862,1882409.16375,0.002338269680436477
863,3229585.1260714293,0.010911925175370226
864,3131082.319090909,0.00857365549493375
865,2319922.623970588,0.006625097427903352
866,4647224.9901315775,0.0074045206547155105
867,5149007.775000001,0.005845674201091193
868,3861764.5500000007,0.004091971940763835
869,6717709.2225,0.0035074045206547155
870,3497643.4435714292,0.004091971940763835
871,3659149.9211538457,0.002533125487139517
872,5571404.607857143,0.004091971940763835
873,4673797.660588236,0.003312548713951676
874,5717927.454545455,0.0021434138737334374
875,5438872.4535,0.0019485580670303975
876,3566889.10125,0.002338269680436477
877,8233127.901000001,0.0019485580670303975
878,3899875.95,0.0019485580670303975
879,4046290.2675000005,0.0019485580670303975
880,3553776.45,0.001558846453624318
881,11299146.786,0.0009742790335151987
882,3424765.0365000004,0.0019485580670303975
883,7039964.8884375,0.003117692907248636
884,5285007.894375,0.001558846453624318
885,1679842.26,0.00019485580670303975
886,7852330.718181819,0.0021434138737334374
887,4061638.7549999994,0.002338269680436477
888,4579922.4075,0.002338269680436477
889,5496880.519285714,0.004091971940763835
890,6087737.990571424,0.006819953234606391
891,3994235.549999999,0.006040530007794232
892,4422326.990625,0.004676539360872954
893,1610141.9660526318,0.0037022603273577552
894,5594379.493206522,0.017926734216679657
895,4798088.305515464,0.018901013250194856
896,4790138.9600769235,0.012665627435697584
897,3100166.2022727276,0.0171473109898675
898,3991505.8923837217,0.01675759937646142
899,3507732.7246698104,0.020654715510522212
900,4048196.2205202295,0.03371005455962588
901,5203631.79,0.05319563522992985
902,4343807.970517241,0.050857365549493376
903,3764444.6345070438,0.05533904910366329
904,4789565.3805586565,0.06975837879968823
905,4370966.699659091,0.07716289945440374
906,4634931.019341376,0.10502727981293843
907,4767058.400478266,0.13445050662509742
908,3926324.000501644,0.11847233047544817
909,4114607.4858966535,0.12821512081060016
910,4354405.446719244,0.12353858144972721
911,3828740.6594776087,0.11749805144193297
912,3881283.698062501,0.1402961808261886
913,4452133.57625954,0.15315666406858924
914,3439753.6899862494,0.14166017147310989
915,3354006.8830373846,0.12509742790335152
916,3781817.3899247027,0.1293842556508184
917,3464920.5837303833,0.13659392049883087
918,3341238.4711103523,0.1430241621200312
919,4137913.8729921295,0.1484801247077163
920,3720872.2736733137,0.1270459859703819
921,3109359.1759048346,0.12490257209664848
922,3256116.8359021912,0.11554949337490257
923,3463893.4082984277,0.11165237724084177
924,3765207.4088117,0.10658612626656275
925,3969848.8725852305,0.10288386593920498
926,3082627.940790065,0.08632112236944661
927,3302837.4280051184,0.07618862042088854
928,3272695.667271542,0.07462977396726422
929,3056938.04392857,0.07365549493374902
930,2741918.4053911995,0.07969602494154326
931,3130981.68372236,0.07930631332813717
932,2637970.590686745,0.0808651597817615
933,2743238.6826358684,0.07170693686671863
934,2133891.2514030607,0.07638347622759158
935,2125761.6693396214,0.08261886204208885
936,1920461.8366551737,0.08476227591582229
937,1772940.9803773605,0.09294621979734996
938,1523638.7398899088,0.10619641465315667
939,1258937.1708938538,0.10463756819953235
940,1312475.9092644467,0.1112626656274357
941,1361881.0986655944,0.12120031176929072
942,1237053.2401720837,0.10190958690568978
943,1336756.9373885337,0.09177708495713172
944,1233022.58430131,0.08924395946999221
945,1518866.861631016,0.07287607170693687
946,1806823.2791280649,0.0715120810600156
947,1632431.2477429458,0.06215900233826968
948,1578412.1391573038,0.052026500389711614
949,1678790.3417088608,0.04618082618862042
950,1849222.2881249993,0.037412314886983634
951,1734890.4320718239,0.0352689010132502
952,1868150.5484693882,0.028643803585346843
953,2290573.2711599995,0.02435697583787997
954,2280762.808155737,0.02377240841777085
955,2248295.550820311,0.02494154325798909
956,2228135.146327433,0.02201870615744349
957,2041533.575357142,0.019095869056897894
958,1858935.0337500004,0.014029618082618862
959,2650277.3839534875,0.01675759937646142
960,1699423.2311538465,0.017731878409976618
961,2021903.4741428571,0.020459859703819173
962,1812879.366067415,0.017342166796570538
963,1710364.6824545446,0.021434138737334373
964,2144899.044174758,0.020070148090413093
965,1824860.626363637,0.019290724863600936
966,2186817.4479098357,0.02377240841777085
967,1942160.8257391308,0.02240841777084957
968,1954826.2123308268,0.025915822291504288
969,2302689.685609756,0.02396726422447389
970,1922918.5759655163,0.028254091971940763
971,1919419.0883093525,0.027084957131722525
972,2382629.373409091,0.03858144972720187
973,2574363.234789472,0.055533904910366326
974,1825501.200674157,0.052026500389711614
975,1901976.766777004,0.05592361652377241
976,1786079.4062264138,0.06196414653156664
977,1678364.593468585,0.07443491816056118
978,1604603.8258977279,0.08573655494933749
979,1338755.0473124988,0.09353078721745908
980,1158407.0542793612,0.10950896336710834
981,1264677.4070847468,0.11496492595479345
982,1328431.2034292752,0.11847233047544817
983,1271035.175854764,0.12879968823070928
984,1410711.2010000013,0.12081060015588464
985,1519123.827805465,0.12120031176929072
986,1462685.4315940763,0.11184723304754482
987,1476702.936944443,0.09469992205767731
988,1573067.0149714262,0.10229929851909587
989,1735113.7807078648,0.08671083398285269
990,1668535.7323584903,0.06196414653156664
991,2184898.0251024584,0.0475448168355417
992,2084892.3404126223,0.040140296180826186
993,2103769.93787234,0.036632891660171474
994,2163733.843012049,0.0323460639127046
995,2690422.728143713,0.03254091971940764
996,2376105.8223579554,0.034294621979735
997,2660445.2439642847,0.027279812938425563
998,2398302.48375,0.025720966484801246
999,3740093.4109090897,0.03215120810600156
1000,3006271.7623928557,0.027279812938425563
1001,2860483.4437499987,0.024162120031176928
1002,3365830.250091745,0.021239282930631334
1003,2982631.932197801,0.017731878409976618
1004,3474685.757755101,0.009547934528448947
1005,2689811.924318182,0.004286827747466875
1006,2526074.02125,0.002338269680436477
1007,3211440.9091071426,0.005455962587685113
